---
title: Aggregate (GROUP BY) Functions
summary: Learn about the supported aggregate functions in TiDB.
---

# 集計 (GROUP BY) 関数 {#aggregate-group-by-functions}

このドキュメントでは、TiDB でサポートされている集計関数について詳しく説明します。

## サポートされている集計関数 {#supported-aggregate-functions}

このセクションでは、TiDB でサポートされている MySQL `GROUP BY`集計関数について説明します。

| 名前                                                                                                                                         | 説明                                     |
| :----------------------------------------------------------------------------------------------------------------------------------------- | :------------------------------------- |
| [`COUNT()`](https://dev.mysql.com/doc/refman/5.7/en/aggregate-functions.html#function_count)                                               | 返された行数のカウントを返します                       |
| [`COUNT(DISTINCT)`](https://dev.mysql.com/doc/refman/5.7/en/aggregate-functions.html#function_count-distinct)                              | 多数の異なる値のカウントを返します                      |
| [`SUM()`](https://dev.mysql.com/doc/refman/5.7/en/aggregate-functions.html#function_sum)                                                   | 合計を返す                                  |
| [`AVG()`](https://dev.mysql.com/doc/refman/5.7/en/aggregate-functions.html#function_avg)                                                   | 引数の平均値を返します                            |
| [`MAX()`](https://dev.mysql.com/doc/refman/5.7/en/aggregate-functions.html#function_max)                                                   | 最大値を返す                                 |
| [`MIN()`](https://dev.mysql.com/doc/refman/5.7/en/aggregate-functions.html#function_min)                                                   | 最小値を返す                                 |
| [`GROUP_CONCAT()`](https://dev.mysql.com/doc/refman/5.7/en/aggregate-functions.html#function_group-concat)                                 | 連結された文字列を返す                            |
| [`VARIANCE()` , <code>VAR_POP()</code>](https://dev.mysql.com/doc/refman/5.7/en/aggregate-functions.html#function_var-pop)                 | 母標準分散を返します                             |
| [`STD()` 、 <code>STDDEV()</code> 、 <code>STDDEV_POP</code>](https://dev.mysql.com/doc/refman/5.7/en/aggregate-functions.html#function_std) | 母集団の標準偏差を返します                          |
| [`VAR_SAMP()`](https://dev.mysql.com/doc/refman/5.7/en/aggregate-functions.html#function_var-samp)                                         | 標本分散を返す                                |
| [`STDDEV_SAMP()`](https://dev.mysql.com/doc/refman/5.7/en/aggregate-functions.html#function_stddev-samp)                                   | サンプル標準偏差を返します                          |
| [`JSON_OBJECTAGG(key, value)`](https://dev.mysql.com/doc/refman/5.7/en/aggregate-functions.html#function_json-objectagg)                   | キーと値のペアを含む単一の JSON オブジェクトとして結果セットを返します |

-   特に明記しない限り、グループ関数は`NULL`の値を無視します。
-   `GROUP BY`句を含まないステートメントでグループ関数を使用すると、すべての行をグループ化することと同じになります。

さらに、TiDB は次の集計関数も提供します。

-   `APPROX_PERCENTILE(expr, constant_integer_expr)`

    この関数は`expr`のパーセンタイルを返します。 `constant_integer_expr`引数は、 `[1,100]`の範囲の定数整数であるパーセンテージ値を示します。パーセンタイル P <sub>k</sub> ( `k`はパーセンテージを表す) は、データ セット内に P <sub>k</sub>以下の値が少なくとも`k%`あることを示します。

    この関数は、返される`expr`の型として[数値型](/data-type-numeric.md)と[日時型](/data-type-date-and-time.md)のみをサポートします。他の返される型の場合、 `APPROX_PERCENTILE`は`NULL`のみを返します。

    次の例は、 `INT`列の 50 パーセンタイルを計算する方法を示しています。

    {{< copyable "" >}}

    ```sql
    drop table if exists t;
    create table t(a int);
    insert into t values(1), (2), (3);
    ```

    {{< copyable "" >}}

    ```sql
    select approx_percentile(a, 50) from t;
    ```

    ```sql
    +--------------------------+
    | approx_percentile(a, 50) |
    +--------------------------+
    |                        2 |
    +--------------------------+
    1 row in set (0.00 sec)
    ```

`GROUP_CONCAT()`と`APPROX_PERCENTILE()`の関数を除いて、先行するすべての関数は[ウィンドウ関数](/functions-and-operators/window-functions.md)として機能します。

## GROUP BY 修飾子 {#group-by-modifiers}

TiDB は現在、 `WITH ROLLUP`などの`GROUP BY`修飾子をサポートしていません。将来的にサポートを追加する予定です。 [TiDB #4250](https://github.com/pingcap/tidb/issues/4250)を参照してください。

## SQL モードのサポート {#sql-mode-support}

TiDB は SQL モード`ONLY_FULL_GROUP_BY`をサポートし、有効にすると、TiDB はあいまいな非集計列を含むクエリを拒否します。たとえば、次のクエリは`ONLY_FULL_GROUP_BY`が有効な場合は無効です。これは、 `SELECT`リストの集計されていない列 &quot;b&quot; が`GROUP BY`ステートメントに表示されないためです。

```sql
drop table if exists t;
create table t(a bigint, b bigint, c bigint);
insert into t values(1, 2, 3), (2, 2, 3), (3, 2, 3);

mysql> select a, b, sum(c) from t group by a;
+------+------+--------+
| a    | b    | sum(c) |
+------+------+--------+
|    1 |    2 |      3 |
|    2 |    2 |      3 |
|    3 |    2 |      3 |
+------+------+--------+
3 rows in set (0.01 sec)

mysql> set sql_mode = 'ONLY_FULL_GROUP_BY';
Query OK, 0 rows affected (0.00 sec)

mysql> select a, b, sum(c) from t group by a;
ERROR 1055 (42000): Expression #2 of SELECT list is not in GROUP BY clause and contains nonaggregated column 'b' which is not functionally dependent on columns in GROUP BY clause; this is incompatible with sql_mode=only_full_group_by
```

TiDB は現在、デフォルトで[`ONLY_FULL_GROUP_BY`](/mysql-compatibility.md#default-differences)モードを有効にしています。

### MySQL との違い {#differences-from-mysql}

`ONLY_FULL_GROUP_BY`の現在の実装は、 MySQL 5.7よりも厳密ではありません。たとえば、次のクエリを実行し、結果が &quot;c&quot; で並べられると想定するとします。

```sql
drop table if exists t;
create table t(a bigint, b bigint, c bigint);
insert into t values(1, 2, 1), (1, 2, 2), (1, 3, 1), (1, 3, 2);
select distinct a, b from t order by c;
```

結果を順序付けるには、最初に重複を排除する必要があります。しかし、そうするには、どの行を保持する必要がありますか?この選択は、保持される &quot;c&quot; の値に影響を与えます。これは順番に影響を与え、同様に任意にします。

MySQL では、 `ORDER BY`式が次の条件の少なくとも 1 つを満たさない場合、 `DISTINCT`と`ORDER BY`を持つクエリは無効として拒否されます。

-   式は`SELECT`リストの 1 つと等しい
-   式によって参照され、クエリの選択されたテーブルに属するすべての列は、 `SELECT`リストの要素です

しかし、TiDB では、上記のクエリは合法です。詳細については、 [#4254](https://github.com/pingcap/tidb/issues/4254)を参照してください。

標準 SQL に対する TiDB のもう 1 つの拡張機能では、 `HAVING`句で`SELECT`リストのエイリアスされた式を参照できます。たとえば、次のクエリは、テーブル「orders」で 1 回だけ出現する「name」値を返します。

```sql
select name, count(name) from orders
group by name
having count(name) = 1;
```

TiDB 拡張機能では、集計列の`HAVING`句でエイリアスを使用できます。

```sql
select name, count(name) as c from orders
group by name
having c = 1;
```

標準 SQL では`GROUP BY`句で列式のみが許可されるため、「FLOOR(value/100)」は非列式であるため、次のようなステートメントは無効です。

```sql
select id, floor(value/100)
from tbl_name
group by id, floor(value/100);
```

TiDB は、標準 SQL を拡張して`GROUP BY`句で非列式を許可し、前のステートメントを有効と見なします。

標準 SQL では、 `GROUP BY`節で別名を使用することもできません。 TiDB は標準 SQL を拡張してエイリアスを許可するため、クエリを記述する別の方法は次のとおりです。

```sql
select id, floor(value/100) as val
from tbl_name
group by id, val;
```

## 関連するシステム変数 {#related-system-variables}

`group_concat_max_len`変数は、 `GROUP_CONCAT()`関数の項目の最大数を設定します。
